package,name,composable,skippable,restartable,readonly,inline,isLambda,hasDefaults,defaultsGroup,groups,calls,
org.sopt.dateroad.presentation.type.MainNavigationBarItemType.Companion.find,find,1,0,0,0,0,0,0,0,1,0,
org.sopt.dateroad.presentation.type.MainNavigationBarItemType.Companion.contains,contains,1,0,0,0,0,0,0,0,1,0,
org.sopt.dateroad.presentation.ui.component.bottomsheet.DateRoadBasicBottomSheet,DateRoadBasicBottomSheet,1,0,1,0,0,0,0,0,1,2,
org.sopt.dateroad.presentation.ui.component.bottomsheet.DateRoadBasicBottomSheetContent,DateRoadBasicBottomSheetContent,1,1,1,0,0,0,0,0,1,1,
org.sopt.dateroad.presentation.ui.component.bottomsheet.DateRoadBasicBottomSheetPreview,DateRoadBasicBottomSheetPreview,1,1,1,0,0,0,0,0,1,1,
org.sopt.dateroad.presentation.ui.component.bottomsheet.DateRoadBottomSheet,DateRoadBottomSheet,1,1,1,0,0,0,1,0,2,6,
org.sopt.dateroad.presentation.ui.component.bottomsheet.DateRoadBottomSheetPreview,DateRoadBottomSheetPreview,1,1,1,0,0,0,0,0,1,1,
org.sopt.dateroad.presentation.ui.component.bottomsheet.DateRoadPickerBottomSheet,DateRoadPickerBottomSheet,1,0,1,0,0,0,0,0,1,1,
org.sopt.dateroad.presentation.ui.component.bottomsheet.DateRoadPickerBottomSheetPreview,DateRoadPickerBottomSheetPreview,1,1,1,0,0,0,0,0,1,3,
org.sopt.dateroad.presentation.ui.component.bottomsheet.DateRoadRegionBottomSheet,DateRoadRegionBottomSheet,1,1,1,0,0,0,1,0,2,4,
org.sopt.dateroad.presentation.ui.component.bottomsheet.DateRoadRegionBottomSheetPreview,DateRoadRegionBottomSheetPreview,1,1,1,0,0,0,0,0,1,5,
org.sopt.dateroad.presentation.ui.component.button.DateRoadAreaButton,DateRoadAreaButton,1,1,1,0,0,0,0,0,2,3,
org.sopt.dateroad.presentation.ui.component.button.DateRoadAreaButtonPreview,DateRoadAreaButtonPreview,1,1,1,0,0,0,0,0,1,1,
org.sopt.dateroad.presentation.ui.component.button.DateRoadBasicButton,DateRoadBasicButton,1,1,1,0,0,0,1,0,2,6,
org.sopt.dateroad.presentation.ui.component.button.DateRoadBasicButtonPreview,DateRoadBasicButtonPreview,1,1,1,0,0,0,0,0,1,1,
org.sopt.dateroad.presentation.ui.component.button.DateRoadButton,DateRoadButton,1,1,1,0,0,0,0,0,1,2,
org.sopt.dateroad.presentation.ui.component.button.DateRoadFilledButton,DateRoadFilledButton,1,1,1,0,0,0,0,0,1,1,
org.sopt.dateroad.presentation.ui.component.button.DateRoadFilledButtonPreview,DateRoadFilledButtonPreview,1,1,1,0,0,0,0,0,1,1,
org.sopt.dateroad.presentation.ui.component.button.DateRoadImageButton,DateRoadImageButton,1,1,1,0,0,0,1,0,2,5,
org.sopt.dateroad.presentation.ui.component.button.DateRoadImageButtonPreview,DateRoadImageButtonPreview,1,1,1,0,0,0,0,0,1,1,
org.sopt.dateroad.presentation.ui.component.button.DateRoadKakaoLoginButton,DateRoadKakaoLoginButton,1,1,1,0,0,0,1,0,2,3,
org.sopt.dateroad.presentation.ui.component.button.DateRoadKakaoLoginButtonPreview,DateRoadKakaoLoginButtonPreview,1,1,1,0,0,0,0,0,1,1,
org.sopt.dateroad.presentation.ui.component.button.DateRoadOutlinedButton,DateRoadOutlinedButton,1,1,1,0,0,0,0,0,1,1,
org.sopt.dateroad.presentation.ui.component.button.DateRoadOutlinedButtonPreview,DateRoadOutlinedButtonPreview,1,1,1,0,0,0,0,0,1,1,
org.sopt.dateroad.presentation.ui.component.button.DateRoadTextButton,DateRoadTextButton,1,1,1,0,0,0,0,0,1,1,
org.sopt.dateroad.presentation.ui.component.button.DateRoadTextButtonPreview,DateRoadTextButtonPreview,1,1,1,0,0,0,0,0,1,1,
org.sopt.dateroad.presentation.ui.component.card.DateRoadCourseCard,DateRoadCourseCard,1,1,1,0,0,0,0,0,1,2,
org.sopt.dateroad.presentation.ui.component.card.DateRoadCourseCardPreview,DateRoadCourseCardPreview,1,1,1,0,0,0,0,0,1,1,
org.sopt.dateroad.presentation.ui.component.card.DateRoadPlaceCard,DateRoadPlaceCard,1,1,1,0,0,0,0,0,1,2,
org.sopt.dateroad.presentation.ui.component.card.DateRoadPlaceCardPreview,DateRoadPlaceCardPreview,1,1,1,0,0,0,0,0,1,1,
org.sopt.dateroad.presentation.ui.component.chip.DateRoadChip,DateRoadChip,1,1,1,0,0,0,0,0,1,1,
org.sopt.dateroad.presentation.ui.component.chip.DateRoadImageChip,DateRoadImageChip,1,1,1,0,0,0,0,0,1,1,
org.sopt.dateroad.presentation.ui.component.chip.DateRoadImageChipPreview,DateRoadImageChipPreview,1,1,1,0,0,0,0,0,1,1,
org.sopt.dateroad.presentation.ui.component.chip.DateRoadTextChip,DateRoadTextChip,1,1,1,0,0,0,0,0,1,1,
org.sopt.dateroad.presentation.ui.component.chip.DateRoadTextChipPreview,DateRoadTextChipPreview,1,1,1,0,0,0,0,0,1,1,
org.sopt.dateroad.presentation.ui.component.chipgroup.DateRoadDateChipGroup,DateRoadDateChipGroup,1,0,1,0,0,0,0,0,1,1,
org.sopt.dateroad.presentation.ui.component.chipgroup.DateRoadDateChipGroupPreview,DateRoadDateChipGroupPreview,1,1,1,0,0,0,0,0,1,1,
org.sopt.dateroad.presentation.ui.component.dialog.DateRoadDialog,DateRoadDialog,1,1,1,0,0,0,0,0,1,1,
org.sopt.dateroad.presentation.ui.component.dialog.DateRoadDialogPreview,DateRoadDialogPreview,1,1,1,0,0,0,0,0,4,5,
org.sopt.dateroad.presentation.ui.component.dialog.DateRoadOneButtonDialog,DateRoadOneButtonDialog,1,1,1,0,0,0,0,0,1,1,
org.sopt.dateroad.presentation.ui.component.dialog.DateRoadOneButtonDialogWithDescription,DateRoadOneButtonDialogWithDescription,1,1,1,0,0,0,0,0,1,1,
org.sopt.dateroad.presentation.ui.component.dialog.DateRoadTwoButtonDialog,DateRoadTwoButtonDialog,1,1,1,0,0,0,0,0,1,1,
org.sopt.dateroad.presentation.ui.component.dialog.DateRoadTwoButtonDialogWithDescription,DateRoadTwoButtonDialogWithDescription,1,1,1,0,0,0,0,0,1,1,
org.sopt.dateroad.presentation.ui.component.dotsindicator.DotsIndicator,DotsIndicator,1,1,1,0,0,0,0,0,1,1,
org.sopt.dateroad.presentation.ui.component.numberpicker.DateRoadNumberPicker,DateRoadNumberPicker,1,0,1,0,0,0,0,0,1,8,
org.sopt.dateroad.presentation.ui.component.numberpicker.DateRoadNumberPickerContent,DateRoadNumberPickerContent,1,1,1,0,0,0,0,0,1,1,
org.sopt.dateroad.presentation.ui.component.numberpicker.DateRoadNumberPickerPreview,DateRoadNumberPickerPreview,1,1,1,0,0,0,0,0,1,1,
org.sopt.dateroad.presentation.ui.component.numberpicker.state.rememberPickerState,rememberPickerState,1,0,0,0,0,0,0,0,1,0,
org.sopt.dateroad.presentation.ui.component.partialcolortext.PartialColorText,PartialColorText,1,0,0,0,0,0,0,0,1,0,
org.sopt.dateroad.presentation.ui.component.tabbar.DateRoadTabBar,DateRoadTabBar,1,1,1,0,0,0,1,0,2,3,
org.sopt.dateroad.presentation.ui.component.tabbar.tabIndicator,tabIndicator,1,0,0,0,0,0,0,0,1,2,
org.sopt.dateroad.presentation.ui.component.tabbar.DateRoadTabTitle,DateRoadTabTitle,1,1,1,0,0,0,1,0,2,4,
org.sopt.dateroad.presentation.ui.component.tabbar.DateRoadTabBarPreview,DateRoadTabBarPreview,1,1,1,0,0,0,0,0,1,1,
org.sopt.dateroad.presentation.ui.component.tag.DateRoadImageTag,DateRoadImageTag,1,1,1,0,0,0,0,0,1,1,
org.sopt.dateroad.presentation.ui.component.tag.DateRoadImageTagPreview,DateRoadImageTagPreview,1,1,1,0,0,0,0,0,1,1,
org.sopt.dateroad.presentation.ui.component.tag.DateRoadPointTag,DateRoadPointTag,1,0,1,0,0,0,0,0,1,3,
org.sopt.dateroad.presentation.ui.component.tag.DateRoadPointTagPreview,DateRoadPointTagPreview,1,1,1,0,0,0,0,0,1,1,
org.sopt.dateroad.presentation.ui.component.tag.DateRoadTag,DateRoadTag,1,1,1,0,0,0,0,0,1,1,
org.sopt.dateroad.presentation.ui.component.tag.DateRoadTextTag,DateRoadTextTag,1,1,1,0,0,0,0,0,1,1,
org.sopt.dateroad.presentation.ui.component.tag.DateRoadTextTagPreview,DateRoadTextTagPreview,1,1,1,0,0,0,0,0,1,1,
org.sopt.dateroad.presentation.ui.component.textfield.DateRoadBasicTextField,DateRoadBasicTextField,1,1,1,0,0,0,1,0,4,6,
org.sopt.dateroad.presentation.ui.component.textfield.DateRoadBasicTextFieldPreview,DateRoadBasicTextFieldPreview,1,1,1,0,0,0,0,0,1,1,
org.sopt.dateroad.presentation.ui.component.textfield.DateRoadTextArea,DateRoadTextArea,1,1,1,0,0,0,1,0,2,1,
org.sopt.dateroad.presentation.ui.component.textfield.DateRoadBasicTextAreaPreview,DateRoadBasicTextAreaPreview,1,1,1,0,0,0,0,0,1,1,
org.sopt.dateroad.presentation.ui.component.textfield.DateRoadTextFieldWithButton,DateRoadTextFieldWithButton,1,1,1,0,0,0,1,0,2,1,
org.sopt.dateroad.presentation.ui.component.textfield.DateRoadTextFieldWithButtonPreview,DateRoadTextFieldWithButtonPreview,1,1,1,0,0,0,0,0,1,1,
org.sopt.dateroad.presentation.ui.component.topbar.DateRoadBasicTopBar,DateRoadBasicTopBar,1,1,1,0,0,0,1,0,2,3,
org.sopt.dateroad.presentation.ui.component.topbar.DateRoadBasicTopBarPreview,DateRoadBasicTopBarPreview,1,1,1,0,0,0,0,0,1,1,
org.sopt.dateroad.presentation.ui.component.topbar.DateRoadHomeTopBar,DateRoadHomeTopBar,1,1,1,0,0,0,0,0,1,1,
org.sopt.dateroad.presentation.ui.component.topbar.DateRoadHomeTopBarPreview,DateRoadHomeTopBarPreview,1,1,1,0,0,0,0,0,1,1,
org.sopt.dateroad.presentation.ui.component.topbar.DateRoadLeftTitleTopBar,DateRoadLeftTitleTopBar,1,1,1,0,0,0,0,0,1,1,
org.sopt.dateroad.presentation.ui.component.topbar.DateRoadLeftTitlePreview,DateRoadLeftTitlePreview,1,1,1,0,0,0,0,0,1,1,
org.sopt.dateroad.presentation.ui.component.view.DateRoadIdleView,DateRoadIdleView,1,1,1,0,0,0,0,0,1,2,
org.sopt.dateroad.presentation.ui.component.view.DateRoadEmptyView,DateRoadEmptyView,1,1,1,0,0,0,0,0,1,1,
org.sopt.dateroad.presentation.ui.component.view.DateRoadEmptyViewPreview,DateRoadEmptyViewPreview,1,1,1,0,0,0,0,0,1,1,
org.sopt.dateroad.presentation.ui.component.view.DateRoadErrorView,DateRoadErrorView,1,1,1,0,0,0,0,0,1,2,
org.sopt.dateroad.presentation.ui.component.view.DateRoadLoadingView,DateRoadLoadingView,1,1,1,0,0,0,0,0,1,2,
org.sopt.dateroad.presentation.ui.component.view.DateRoadWebView,DateRoadWebView,1,1,1,0,0,0,0,0,1,3,
org.sopt.dateroad.presentation.ui.coursedetail.CourseDetailRoute,CourseDetailRoute,1,1,1,0,0,0,1,0,7,10,
org.sopt.dateroad.presentation.ui.coursedetail.CourseDetailScreen,CourseDetailScreen,1,0,1,0,0,0,0,0,8,14,
org.sopt.dateroad.presentation.ui.coursedetail.CourseDetailScreenP,CourseDetailScreenP,1,1,1,0,0,0,0,0,1,1,
org.sopt.dateroad.presentation.ui.coursedetail.CourseDetailScreenPreview,CourseDetailScreenPreview,1,1,1,0,0,0,0,0,1,1,
org.sopt.dateroad.presentation.ui.coursedetail.component.GradientBoxWithText,GradientBoxWithText,1,1,1,0,0,0,0,0,1,1,
org.sopt.dateroad.presentation.ui.coursedetail.component.CourseDetailInfoBar,CourseDetailInfoBar,1,1,1,0,0,0,0,0,1,1,
org.sopt.dateroad.presentation.ui.coursedetail.component.CourseDetailInfoBarPreview,CourseDetailInfoBarPreview,1,1,1,0,0,0,0,0,1,1,
org.sopt.dateroad.presentation.ui.enroll.EnrollFirstScreen,EnrollFirstScreen,1,1,1,0,0,0,1,0,2,2,
org.sopt.dateroad.presentation.ui.enroll.EnrollFirstScreenPreview,EnrollFirstScreenPreview,1,1,1,0,0,0,0,0,1,1,
org.sopt.dateroad.presentation.ui.enroll.EnrollRoute,EnrollRoute,1,1,1,0,0,0,1,0,2,12,
org.sopt.dateroad.presentation.ui.enroll.EnrollScreen,EnrollScreen,1,1,1,0,0,0,1,0,5,14,
org.sopt.dateroad.presentation.ui.enroll.EnrollScreenPreview,EnrollScreenPreview,1,1,1,0,0,0,0,0,1,1,
org.sopt.dateroad.presentation.ui.enroll.EnrollSecondScreen,EnrollSecondScreen,1,1,1,0,0,0,1,0,2,4,
org.sopt.dateroad.presentation.ui.enroll.EnrollSecondScreenPreview,EnrollSecondScreenPreview,1,1,1,0,0,0,0,0,1,1,
org.sopt.dateroad.presentation.ui.enroll.EnrollThirdScreen,EnrollThirdScreen,1,1,1,0,0,0,1,0,2,2,
org.sopt.dateroad.presentation.ui.enroll.EnrollSecondThirdPreview,EnrollSecondThirdPreview,1,1,1,0,0,0,0,0,1,1,
org.sopt.dateroad.presentation.ui.enroll.component.EnrollAddPhotoButton,EnrollAddPhotoButton,1,1,1,0,0,0,0,0,1,2,
org.sopt.dateroad.presentation.ui.enroll.component.EnrollAddPhotoButtonPreview,EnrollAddPhotoButtonPreview,1,1,1,0,0,0,0,0,1,1,
org.sopt.dateroad.presentation.ui.enroll.component.EnrollPhotoPreviewCard,EnrollPhotoPreviewCard,1,1,1,0,0,0,1,0,2,2,
org.sopt.dateroad.presentation.ui.enroll.component.EnrollPhotoPreviewCardPreview,EnrollPhotoPreviewCardPreview,1,1,1,0,0,0,0,0,1,1,
org.sopt.dateroad.presentation.ui.enroll.component.EnrollPhotos,EnrollPhotos,1,0,1,0,0,0,0,0,1,1,
org.sopt.dateroad.presentation.ui.enroll.component.EnrollPhotosPreview,EnrollPhotosPreview,1,1,1,0,0,0,0,0,1,1,
org.sopt.dateroad.presentation.ui.enroll.component.EnrollPlaceInsertBar,EnrollPlaceInsertBar,1,1,1,0,0,0,0,0,1,2,
org.sopt.dateroad.presentation.ui.enroll.component.EnrollPlaceInsertBarPreview,EnrollPlaceInsertBarPreview,1,1,1,0,0,0,0,0,1,1,
org.sopt.dateroad.presentation.ui.home.HomeRoute,HomeRoute,1,1,1,0,0,0,1,0,7,11,
org.sopt.dateroad.presentation.ui.home.HomeScreen,HomeScreen,1,0,1,0,0,0,0,0,1,4,
org.sopt.dateroad.presentation.ui.home.component.HomeAdvertisement,HomeAdvertisement,1,1,1,0,0,0,0,0,1,1,
org.sopt.dateroad.presentation.ui.home.component.HomeAdvertisementPreview,HomeAdvertisementPreview,1,1,1,0,0,0,0,0,1,1,
org.sopt.dateroad.presentation.ui.home.component.HomeHotCourseCard,HomeHotCourseCard,1,1,1,0,0,0,0,0,1,2,
org.sopt.dateroad.presentation.ui.home.component.HomeHotCourseCardPreview,HomeHotCourseCardPreview,1,1,1,0,0,0,0,0,1,1,
org.sopt.dateroad.presentation.ui.home.component.HomeTimeLineCard,HomeTimeLineCard,1,1,1,0,0,0,1,0,2,3,
org.sopt.dateroad.presentation.ui.home.component.DateRoadDateSchedulePreview,DateRoadDateSchedulePreview,1,1,1,0,0,0,0,0,1,1,
org.sopt.dateroad.presentation.ui.look.LookRoute,LookRoute,1,1,1,0,0,0,1,0,7,9,
org.sopt.dateroad.presentation.ui.look.LookScreen,LookScreen,1,1,1,0,0,0,1,0,2,3,
org.sopt.dateroad.presentation.ui.look.LookScreenPreview,LookScreenPreview,1,1,1,0,0,0,0,0,1,1,
org.sopt.dateroad.presentation.ui.look.component.LookCourseCard,LookCourseCard,1,1,1,0,0,0,1,0,2,2,
org.sopt.dateroad.presentation.ui.look.component.LookCourseCardPreview,LookCourseCardPreview,1,1,1,0,0,0,0,0,1,1,
org.sopt.dateroad.presentation.ui.mycourse.MyCourseRoute,MyCourseRoute,1,1,1,0,0,0,1,0,7,9,
org.sopt.dateroad.presentation.ui.mycourse.MyCourseScreen,MyCourseScreen,1,1,1,0,0,0,1,0,2,2,
org.sopt.dateroad.presentation.ui.mycourse.MyCourseScreenPreview,MyCourseScreenPreview,1,1,1,0,0,0,0,0,1,1,
org.sopt.dateroad.presentation.ui.mypage.MyPageRoute,MyPageRoute,1,1,1,0,0,0,1,0,7,9,
org.sopt.dateroad.presentation.ui.mypage.MyPageScreen,MyPageScreen,1,1,1,0,0,0,1,0,5,5,
org.sopt.dateroad.presentation.ui.mypage.MyPageScreenPreview,MyPageScreenPreview,1,1,1,0,0,0,0,0,1,1,
org.sopt.dateroad.presentation.ui.mypage.component.MyPageButton,MyPageButton,1,1,1,0,0,0,0,0,1,1,
org.sopt.dateroad.presentation.ui.mypage.component.DateRoadMyPageButtonPreview,DateRoadMyPageButtonPreview,1,1,1,0,0,0,0,0,1,3,
org.sopt.dateroad.presentation.ui.mypage.component.MyPagePointBox,MyPagePointBox,1,1,1,0,0,0,0,0,1,2,
org.sopt.dateroad.presentation.ui.mypage.component.DateRoadMyPagePointBoxPreview,DateRoadMyPagePointBoxPreview,1,1,1,0,0,0,0,0,1,1,
org.sopt.dateroad.presentation.ui.navigator.MainNavigator.<get-currentDestination>,<get-currentDestination>,1,0,0,0,0,0,0,0,1,1,
org.sopt.dateroad.presentation.ui.navigator.MainNavigator.<get-currentMainNavigationBarItem>,<get-currentMainNavigationBarItem>,1,0,0,0,0,0,0,0,1,1,
org.sopt.dateroad.presentation.ui.navigator.MainNavigator.showBottomBar,showBottomBar,1,0,0,0,0,0,0,0,1,1,
org.sopt.dateroad.presentation.ui.navigator.rememberMainNavigator,rememberMainNavigator,1,0,0,0,0,0,0,0,1,1,
org.sopt.dateroad.presentation.ui.navigator.MainScreen,MainScreen,1,1,1,0,0,0,1,0,2,2,
org.sopt.dateroad.presentation.ui.navigator.MainScreenContent,MainScreenContent,1,0,1,0,0,0,0,0,1,1,
org.sopt.dateroad.presentation.ui.navigator.MainPreview,MainPreview,1,1,1,0,0,0,0,0,1,1,
org.sopt.dateroad.presentation.ui.navigator.component.CustomNavigationBarItem,CustomNavigationBarItem,1,0,1,0,0,0,0,0,1,1,
org.sopt.dateroad.presentation.ui.navigator.component.MainBottomBar,MainBottomBar,1,0,1,0,0,0,0,0,1,2,
org.sopt.dateroad.presentation.ui.navigator.component.MainBottomBarPreview,MainBottomBarPreview,1,1,1,0,0,0,0,0,1,1,
org.sopt.dateroad.presentation.ui.navigator.component.MainNavHost,MainNavHost,1,0,1,0,0,0,0,0,1,2,
org.sopt.dateroad.presentation.ui.onboarding.OnboardingRoute,OnboardingRoute,1,1,1,0,0,0,1,0,2,5,
org.sopt.dateroad.presentation.ui.onboarding.OnboardingScreen,OnboardingScreen,1,1,1,0,0,0,1,0,2,4,
org.sopt.dateroad.presentation.ui.past.PastRoute,PastRoute,1,1,1,0,0,0,1,0,7,9,
org.sopt.dateroad.presentation.ui.past.PastScreen,PastScreen,1,1,1,0,0,0,1,0,2,2,
org.sopt.dateroad.presentation.ui.past.PastScreenPreview,PastScreenPreview,1,1,1,0,0,0,0,0,1,1,
org.sopt.dateroad.presentation.ui.past.component.PastCard,PastCard,1,0,1,0,0,0,0,0,1,1,
org.sopt.dateroad.presentation.ui.past.component.PastCardPreview,PastCardPreview,1,1,1,0,0,0,0,0,1,1,
org.sopt.dateroad.presentation.ui.pointguide.ProfileGuideRoute,ProfileGuideRoute,1,1,1,0,0,0,0,0,1,1,
org.sopt.dateroad.presentation.ui.pointguide.PointGuideScreen,PointGuideScreen,1,1,1,0,0,0,0,0,1,2,
org.sopt.dateroad.presentation.ui.pointguide.PointGuideScreenPreview,PointGuideScreenPreview,1,1,1,0,0,0,0,0,1,1,
org.sopt.dateroad.presentation.ui.pointguide.component.DateRoadMyPagePointInfo,DateRoadMyPagePointInfo,1,1,1,0,0,0,0,0,1,2,
org.sopt.dateroad.presentation.ui.pointguide.component.DateRoadMyPagePointInfoPreview,DateRoadMyPagePointInfoPreview,1,1,1,0,0,0,0,0,1,2,
org.sopt.dateroad.presentation.ui.pointhistory.PointHistoryRoute,PointHistoryRoute,1,1,1,0,0,0,1,0,7,9,
org.sopt.dateroad.presentation.ui.pointhistory.PointHistoryScreen,PointHistoryScreen,1,1,1,0,0,0,1,0,2,2,
org.sopt.dateroad.presentation.ui.pointhistory.PointHistoryPreview,PointHistoryPreview,1,1,1,0,0,0,0,0,1,1,
org.sopt.dateroad.presentation.ui.pointhistory.component.PointHistoryCard,PointHistoryCard,1,1,1,0,0,0,0,0,1,1,
org.sopt.dateroad.presentation.ui.pointhistory.component.PointHistoryCardPreview,PointHistoryCardPreview,1,1,1,0,0,0,0,0,1,1,
org.sopt.dateroad.presentation.ui.pointhistory.component.PointHistoryPointBox,PointHistoryPointBox,1,1,1,0,0,0,0,0,1,2,
org.sopt.dateroad.presentation.ui.pointhistory.component.PointHistoryPointBoxPreview,PointHistoryPointBoxPreview,1,1,1,0,0,0,0,0,1,1,
org.sopt.dateroad.presentation.ui.profile.ProfileRoute,ProfileRoute,1,1,1,0,0,0,1,0,12,13,
org.sopt.dateroad.presentation.ui.profile.ProfileScreen,ProfileScreen,1,1,1,0,0,0,1,0,2,8,
org.sopt.dateroad.presentation.ui.read.ReadRoute,ReadRoute,1,1,1,0,0,0,1,0,7,9,
org.sopt.dateroad.presentation.ui.read.ReadScreen,ReadScreen,1,1,1,0,0,0,1,0,2,2,
org.sopt.dateroad.presentation.ui.read.ReadScreenPreview,ReadScreenPreview,1,1,1,0,0,0,0,0,1,1,
org.sopt.dateroad.presentation.ui.signin.SignInRoute,SignInRoute,1,1,1,0,0,0,1,0,7,9,
org.sopt.dateroad.presentation.ui.signin.SignInScreen,SignInScreen,1,1,1,0,0,0,1,0,4,3,
org.sopt.dateroad.presentation.ui.splash.SplashScreen,SplashScreen,1,1,1,0,0,0,0,0,1,2,
org.sopt.dateroad.presentation.ui.splash.SplashScreenPreview,SplashScreenPreview,1,1,1,0,0,0,0,0,1,1,
org.sopt.dateroad.presentation.ui.timeline.TimelineRoute,TimelineRoute,1,1,1,0,0,0,1,0,7,11,
org.sopt.dateroad.presentation.ui.timeline.TimelineScreen,TimelineScreen,1,0,1,0,0,0,0,0,1,3,
org.sopt.dateroad.presentation.ui.timeline.TimelineScreenPreview,TimelineScreenPreview,1,1,1,0,0,0,0,0,1,1,
org.sopt.dateroad.presentation.ui.timeline.component.TimelineCard,TimelineCard,1,0,1,0,0,0,0,0,1,1,
org.sopt.dateroad.presentation.ui.timeline.component.TimelineCardPreview,TimelineCardPreview,1,1,1,0,0,0,0,0,1,1,
org.sopt.dateroad.presentation.ui.timelinedetail.TimelineDetailRoute,TimelineDetailRoute,1,1,1,0,0,0,0,0,6,10,
org.sopt.dateroad.presentation.ui.timelinedetail.TimelineDetailScreen,TimelineDetailScreen,1,0,1,0,0,0,0,0,3,7,
org.sopt.dateroad.presentation.util.draganddrop.rememberDragAndDropListState,rememberDragAndDropListState,1,0,0,0,0,0,0,0,1,1,
org.sopt.dateroad.presentation.util.modifier.noRippleDebounceClickable,noRippleDebounceClickable,1,0,0,0,0,0,0,0,1,0,
org.sopt.dateroad.ui.theme.DateRoadTheme.<get-colors>,<get-colors>,1,0,0,1,0,0,0,0,1,1,
org.sopt.dateroad.ui.theme.DateRoadTheme.<get-typography>,<get-typography>,1,0,0,1,0,0,0,0,1,1,
org.sopt.dateroad.ui.theme.ProvideDateRoadColorsAndTypography,ProvideDateRoadColorsAndTypography,1,1,1,0,0,0,0,0,1,1,
org.sopt.dateroad.ui.theme.DATEROADTheme,DATEROADTheme,1,1,1,0,0,0,0,0,1,1,
